<beans xmlns="http://www.springframework.org/schema/beans"
       xmlns:xsi="http://www.w3.org/2001/XMLSchema-instance"
       xmlns:context="http://www.springframework.org/schema/context"
       xsi:schemaLocation="http://www.springframework.org/schema/beans
	http://www.springframework.org/schema/beans/spring-beans-3.0.xsd
	http://www.springframework.org/schema/context
	http://www.springframework.org/schema/context/spring-context-3.0.xsd">
    <context:annotation-config/>

    <!-- Bean to load properties file -->
    <bean id="browserSettingPlaceholderConfig" class="org.springframework.beans.factory.config.PropertyPlaceholderConfigurer">
        <property name="locations">
            <list>
                <value>settings/Environment.properties</value>
            </list>
        </property>
    </bean>

    <bean name="stg" class="com.amy.Environment" scope="prototype">
        <property name="dashboardURL" value="${STG.Url}"/>
    </bean>

  </beans>
