[
  {
    "name": "Jonas",
    "email": "jonas@example.com"
  },
  {
    "name": "John",
    "email": "john@example.com"
  },
  {
    "name": "Gohan",
    "email": "gohan@example.com"
  },
  {
    "name": "Rio",
    "email": "rio@example.com"
  },
  {
    "name": "Teddy",
    "email": "teddy@example.com"
  },
  {
    "name": "Jet",
    "email": "jet@example.com"
  },
  {
    "name": "Amber",
    "email": "amber@example.com"
  },
  {
    "name": "Krystal",
    "email": "krystal@example.com"
  },
  {
    "name": "Yuri",
    "email": "yuri@example.com"
  },
  {
    "name": "Jack",
    "email": "jack@example.com"
  }
]