<?xml version="1.0" encoding="UTF-8"?>
<configuration>

    <!-- Send debug messages to System.out -->
    <appender name="STDOUT" class="ch.qos.logback.core.ConsoleAppender">
        <encoder>
            <pattern>%d{HH:mm:ss.SSS} %-5level %logger{5} - %thread - %msg%n</pattern>
        </encoder>
    </appender>
    <appender name="RP" class="com.epam.reportportal.logback.appender.ReportPortalAppender">
        <encoder>
            <!--Best practice: don't put time and logging level to the final message. Appender do this for you-->
            <pattern>%d{HH:mm:ss.SSS} [%t] %-5level - %msg%n</pattern>
            <pattern>[%t] - %msg%n</pattern>
        </encoder>
    </appender>
    <logger name="com.epam.reportportal.service" level="WARN"/>
    <logger name="com.epam.reportportal.utils" level="WARN"/>
    <!--'additivity' flag is important! Without it logback will double-log log messages-->
    <logger name="binary_data_logger" level="TRACE" additivity="false">
        <appender-ref ref="RP"/>
    </logger>
    <logger name="org.springframework" level="info" additivity="false">
        <appender-ref ref="STDOUT" />
    </logger>
    <!-- By default, the level of the root level is set to DEBUG -->
    <root level="DEBUG">
        <appender-ref ref="RP"/>
<!--        <appender-ref ref="STDOUT"/>-->
    </root>
    <root level="INFO">
        <appender-ref ref="STDOUT"/>
    </root>

</configuration>
