<?xml version="1.0" encoding="UTF-8"?>
<!DOCTYPE suite SYSTEM "https://testng.org/testng-1.0.dtd">
<suite name="Test Assignment" verbose="1">
    <listeners>
        <listener class-name="com.epam.reportportal.testng.ReportPortalTestNGListener" />
    </listeners>

    <test name= "API test">
        <parameter name="env" value="stg"/>
<!--        <groups>-->
<!--            <run>-->
<!--                <include name="smoke" />-->
<!--            </run>-->
<!--        </groups>-->

        <classes>
<!--            <class name="testcase.CreateUserTest"/>-->
            <class name="testcase.GetUserTest"/>
        </classes>

    </test>
</suite>
